Python开发工程师,559
大数据开发工程师,115
Java开发工程师,96
软件工程师,86
软件开发工程师,66
Python高级开发工程师,65
嵌入式软件工程师,52
Python工程师,32
PHP开发工程师,32
后端开发工程师,32
C++开发工程师,31
Java高级开发工程师,30
python开发工程师,24
爬虫开发工程师,23
Python爬虫工程师,22
python爬虫工程师,20
数据开发工程师,20
大数据工程师,14
后台开发工程师,14
python工程师,13
Python后端开发工程师,12
全栈工程师,12
爬虫工程师,12
大数据架构师,11
系统架构师,11
Java中级开发工程师,10
大数据研发工程师,9
C++高级开发工程师,9
高级软件工程师,9
数据挖掘工程师,9
Python开发,8
.NET开发工程师,8
研发工程师,8
python后端开发工程师,7
SLAM算法工程师,7
开发工程师,7
Linux开发工程师,7
物联网工程师,7
Java架构师,7
C#开发工程师,7
Python软件开发工程师,6
python开发,6
Python后端工程师,6
Python研发工程师,6
全栈开发工程师,6
上位机软件工程师,6
大数据分析工程师,6
Python程序员,5
Python后台开发工程师,5
Python 开发工程师,5
高级Python开发工程师,5
高级Java开发工程师,5
JAVA软件工程师,5
GIS开发工程师,5
高级开发工程师,5
后端工程师,5
Linux系统工程师,5
C++软件工程师,5
PHP高级开发工程师,5
云计算工程师,5
信息安全工程师,5
高级Python工程师,4
Python软件工程师,4
python研发工程师,4
大数据开发,4
Software Engineer,4
嵌入式软件开发工程师,4
云平台开发工程师,4
python 开发工程师,3
Python/Odoo开发工程师,3
Python开发经理,3
Python初级开发工程师,3
python软件工程师,3
python,3
python高级开发工程师,3
python爬虫开发工程师,3
Python数据开发工程师,3
高级软件开发工程师,3
系统开发工程师,3
高级嵌入式软件工程师,3
C++工程师,3
嵌入式工程师,3
Linux软件工程师,3
高级嵌入式软件开发工程师,3
后端研发工程师,3
嵌入式开发工程师,3
MES工程师,3
逆向工程师,3
golang开发工程师,3
Java后台开发工程师,3
Senior Software Engineer,3
嵌入式系统工程师,3
软件架构师,3
物联网开发工程师,3
软件研发工程师,3
QT开发工程师,3
Hadoop开发工程师,3
C++软件开发工程师,3
数据工程师,3
Python全栈工程师,2
后端开发工程师（Python/Go）,2
Python开发工程师助理,2
python爬虫工程师（双休+14薪）,2
python开发助理岗,2
Python全栈开发工程师,2
运营商BU-Python 开发工程师-广州,2
Python中级开发工程师,2
Python/Django开发工程师,2
初级python开发工程师,2
python后端工程师,2
Python算法工程师,2
后端开发工程师（Python）,2
Python/Odoo高级开发工程师,2
python数据分析工程师,2
软件工程师（Python）,2
Python量化工程师,2
python 后端开发,2
Python开发工程师/软件工程师,2
Python开发工程师（RPA方向）,2
Python 爬虫工程师,2
后端开发工程师（Python方向）,2
Python开发工程师/前端/爬虫,2
python程序员,2
编译器开发工程师,2
软件工程师（西安）,2
PHP工程师,2
后端开发工程师（成都）,2
应用开发工程师,2
服务端开发工程师,2
大数据挖掘工程师,2
Linux嵌入式开发工程师,2
区块链研发工程师,2
系统集成工程师,2
5G云平台及产品研发岗,2
IT系统运营与开发工程师,2
渗透工程师,2
大数据算法工程师,2
RPA开发工程师,2
平台开发工程师,2
软件集成工程师,2
软件配置管理工程师,2
GO开发工程师,2
产品研发工程师,2
软件工程师（C++）,2
嵌入式系统开发工程师,2
软件编程工程师,2
生物信息工程师,2
高级软件测试工程师,2
slam算法工程师,2
软件后端开发工程师,2
服务器工程师,2
c++软件工程师,2
重庆DSP软件开发工程师,2
（数字化）软件开发工程师,2
大数据总监,2
Java开发,2
固件开发工程师,2
电子工程师,2
自动化软件工程师,2
软件开发技术经理,2
软件高级工程师,2
C语言开发工程师,2
系统研发工程师,2
BMS软件应用工程师,2
服务器开发工程师,2
高级爬虫工程师,2
C/C++开发工程师,2
上位机开发工程师,2
生物信息软件工程师,2
VUE前端工程师,2
.NET高级开发工程师,2
云计算研发工程师,2
高级全栈工程师,2
QT软件工程师,2
高级PHP开发工程师,2
自动化软件开发工程师,2
全栈工程师（幂次公司）,2
大数据平台开发工程师,2
Golang工程师,2
后端软件工程师,2
高级数据开发工程师,2
资深大数据工程师,2
应用软件工程师,2
web全栈开发工程师,2
软件工程师(JAVA),2
对日软件开发工程师,2
Java技术经理,2
大数据开发经理,2
python开发工程师（应届）,1
Python\java 程序员,1
软件工程师（C++/Python/go/lua）,1
python量化研究员,1
后端开发工程师-Python,1
Python高级开发工程师(后端),1
Python量化工程师(金融方向),1
python工程师（爬虫）,1
Java/python工程师(J10736),1
Python后端开发软件工程师（机器学习）,1
python开发工程师(J10538),1
Python工程师（爬虫数据）,1
资深开发工程师（Java/Python）,1
PHP + Python开发工程师,1
python开发工程师（集成2053）,1
C++/Python GUI 软件工程师,1
C/C++/Python,1
爬虫工程师（Python）,1
Python开发工程师（J10665） (MJ000301),1
嵌入式Python开发工程师,1
服务器开发（python方向）,1
Python研发Team Leader-00,1
Python开发工程师_Web开发方向,1
Python开发工程师（北京）,1
python后端开发,1
Python 数据库后端工程师,1
Python 后台开发工程师,1
软件开发中级工程师（Python）,1
西门子数控 IT 软件工程师 （Java/.Net/Python）,1
Python+pySpark,1
后端工程师Python,1
Python开发工程师 - 变现业务,1
25923-监控系统开发工程师（Python/Go）（深圳）,1
Senior Python Software Engineer,1
Senior - Audit Innovation (Python Develop) - Shanghai,1
Python全栈软件工程师,1
Python开发工程师（运维平台）,1
JAVA/Python开发工程师,1
Python开发工程师（圆通科技）,1
前端/后端高级软件开发工程师(Python/C#),1
Python程序员（性能保证）,1
信息科技中心软件开发工程师-人工智能（Python）方向,1
Python软件开发,1
软件工程师（Python）-江阴,1
Python开发工程师HD,1
Python开发工程师（急聘）,1
系统研发-python软件工程师,1
机器学习/python工程师,1
Python 应用开发工程师,1
爬虫python工程师,1
Python/Django Web开发工程师,1
Python开发员,1
Python web后端工程师,1
python 高级工程师,1
Python开发工程师 (MJ000129),1
Python 高级软件工程师,1
python大数据分析工程师,1
Python开发工程师（闵行紫竹园）,1
Python爬虫工程师（双休/近地铁）,1
高级 Python 程序员,1
python后台开发,1
Python开发应用工程师,1
1131M0-python开发工程师,1
Python开发工程师(J12684),1
Python 软件开发工程师,1
Python工程师助理,1
高级脚本开发工程师（python）,1
研发工程师后端-python(J10148),1
Python开发工程师（双休+近地铁）,1
Java/Python软件工程师（北京）,1
Python开发((包吃+双休+六险一金),1
8K+初级Python开发工程师+双休五险一金,1
Python数据采集工程师,1
Python软件后端开发工程师/负责人,1
Python开发工程师(本科/学信网),1
高级python开发,1
Python高级开发工程师（数据处理）,1
PT20108101-Python开发工程师,1
python开发工程师（清洗组）,1
Python开发工程师（***）,1
Python后端开发工程师（坂田）,1
德企招Python 全栈工程师,1
Python开发工程师（数据开发）,1
Python Web工程师,1
高级Python后台开发工程师,1
中级Python开发工程师,1
Python工程师/双休/不加班,1
Python--1.2-1.5W+五险+双休,1
Python WEB 工程师,1
Python/Django后端软件工程师,1
Python开发工程师（黄岛区）,1
python工程师--系统业务方向（中级）,1
Python开发工程师（图像算法方向）,1
高级软件开发工程师（Python）,1
高级python开发工程师,1
python开发工程师-北京,1
java/python开发工程师,1
Python开发工程师（RPA） (MJ000106),1
数据工程师(python编程),1
软件工程师（汽车行业优先）精通python,1
python工程师（采集方向项目经理级）,1
201004-Python开发工程师,1
Python 中级工程师,1
Java/Python 开发工程师,1
Python/爬虫数据工程师,1
Python Web开发工程师,1
爬虫 python（上海）,1
Python/Linux/C/C++/Pipeline TD工程师,1
高级/资深开发（python）,1
Python开发工程师(J10169),1
Python开发工程师（非外包）,1
python开发1,1
资深Python开发工程师,1
python分析师（菱歌数字科技）,1
Python爬虫,1
高级软件工程师 Golang/Python,1
Python全栈工程师（中级工程师）,1
python工程师（数据标注主管）,1
知名医药医疗器械公司 Python开发工程师,1
软件开发工程师 python/C#/js,1
软件开发工程师(Python/QT),1
Python量化交易工程师,1
大数据开发工程师（python方向）,1
Python兼Java开发工程师（中、高级）,1
服务开发工程师(Python),1
云平台开发工程师（Java、Python、Golang）,1
senior Python 开发工程师,1
软件开发工程师（Python),1
python高级爬虫工程师,1
Python助理/智能家居方向,1
软件开发岗（Java、python）（北京）,1
Python开发工程师（数据分析工程师）,1
后台开发工程师/ Python 开发工程师,1
Python开发工程师 - A2021101,1
Python后端研发工程师,1
Python开发工程师（大数据方向）,1
Python开发（中国电信）,1
Python 后端开发工程师,1
初级软件工程师(Python),1
Python开发工程师（须懂ODOO框架）,1
Python后端工程师（初级）,1
python爬虫工程师（双休+奖金）,1
python开发工程师（双休+14薪）,1
Python/.NET/RPA开发工程师,1
无人机软件开发工程师—Python、C++工程师,1
python web开发工程师,1
上市公司python开发工程师,1
大数据/python开发主管,1
Python 开发工程师（五险一金）,1
Python高级开发工程师（AI分析）,1
全栈工程师（python）,1
系统开发工程师（Python）,1
Python爬虫及数据整理工程师,1
R&D Python Development Engineer Python研发工程师,1
后端Python 软件工程师,1
高级python工程师,1
初级Python/R开发工程师,1
go java python,1
(急聘) python开发工程师,1
高级python研发工程师,1
后台（Python）开发工程师,1
Python图形开发工程师,1
python QT程序开发工程师,1
Python开发工程师(SMB),1
python爬虫/python深度学习,1
Python开发工程师(J11836),1
Python开发工程师（RPA）,1
Python爬虫算法工程师,1
Python软件工程师 02,1
python开发工程师(运维开发),1
python web工程师(无锡)(J10258),1
后端研发工程师（java/python）,1
Python高级开发工程师（本社）,1
python软件开发工程师,1
Python QT开发工程师,1
安全产品python开发工程师,1
Python开发高级工程师,1
软件开发工程师（python）,1
Python开发（体育西路）,1
软件开发工程师Python（深圳）,1
Python开发程序员,1
软件工程师（Java/C/C++/python/等开发方向）,1
全栈运维工程师（python）,1
Python高级工程师/工程师,1
C/C++/Python开发工程师,1
python开发工程师/python爬虫工程师,1
软件开发工程师 Python,1
Python开发工程师（外派绿盟）,1
数据爬虫开发工程师(Python),1
Python大数据分析工程师,1
程序员（Python/fortran）,1
Python开发工程师-[150193],1
机器学习/Python开发工程师,1
高级软件工程师(Python),1
软件工程师(Python),1
Python开发工程师（咪咕视频）,1
软件研发工程（Python界面开发）,1
YX03-Python开发工程师,1
Python 中级研发工程师,1
Python Web 开发工程师助理,1
高级Python开发,1
Python开发工程师（机器视觉）,1
Python高级软件开发工程师,1
Python后端应用开发工程师(Linux环境),1
Python+C#（英语）,1
游戏服务器PYTHON脚本开发,1
RPA开发工程师（Python方向）,1
python后端开发程序员,1
Python研发工程师（跨境电商）,1
Python人工智能,1
Python开发工程师（华科国家数控中心联合）,1
Python研发工程师(算法方向),1
Python后端研发,1
Python开发工程师（苏州）(J10474),1
高新诚聘python工程师,1
Python开发工程师（提供食宿）,1
Python开发工程师 (MJ000699),1
Python开发工程师（Odoo),1
Python开发工工程师,1
python研发工程师（济南）,1
Python开发工程师（上交所）,1
Python开发工程师（全职/***）,1
C++/Python技术开发人员,1
开发工程师（PHP/PYTHON/GO方向）,1
Python开发工程师（SZ01）,1
python数据分析开发工程师,1
Python后端开发工程师(4HSP),1
资深python开发工程师,1
Python研发工程师（数据分析）,1
Java/python爬虫工程师,1
Python开发工程师（Odoo）,1
Python工程师（珠海）,1
Python/PHP后端程序员,1
Python全栈开发,1
Python工程师（爬虫方向）+包住宿+周末双休+五险一金,1
Python开发工程师（舞阳）,1
研发工程师（C++/Python）,1
Python后台开发组长,1
高级Python后端开发工程师（所属亘星智能）,1
高级开发工程师（c++/Python）,1
Python/爬虫工程师,1
python软件开发工程师(Nodejs),1
数据工程师/Python软件工程师,1
Python/Java爬虫工程师,1
Python编程,1
软件工程师（python网站后端）,1
python/PHP开发工程师,1
JAVA、C/C++、web、python软件开发,1
高级Python后端开发工程师,1
Python高级后端开发工程师,1
高级python算法工程师,1
Python 高级开发工程师或开发经理,1
Python开发工程师 (MJ000070),1
python老师/python讲师/少儿编程/课程研发+五险一金,1
python 数据挖掘工程师,1
Python架构师01,1
Python后端,1
Python开发工程师-爬虫,1
Python架构师,1
高级Python软件工程师,1
场景开发Python初级工程师,1
软件开发工程师(python),1
python开发工程师(讲师),1
软件工程师Python,1
Python高级开发师,1
软件工程师（QT/C++/Python),1
Python开发讲师,1
Python架构师+社保+双休,1
Python开发工程师+高新区.,1
python开发工程师-有两年开发经验,1
Python开发工程师(Y9ZKdR),1
python 后端工程师,1
python开发工程师（IOT端侧） (MJ000427),1
安全屋Python开发工程师,1
Odoo/Python开发工程师,1
Python初级工程师,1
python 数据工程师,1
java PHP Python 开发工程师,1
高级Python开发工程师 (MJ001587),1
初级Python开发工程师,1
python高级工程师,1
软件开发工程师(Python后端),1
Python（odoo）开发工程师,1
Python开发工程师（大学讲师）,1
Python 工程师,1
Python开发人员,1
Python软件研发-苏州谷夫道自动化科技有限公司,1
Python开发工程师(中科实数）,1
python量化开发,1
Python程序开发,1
高级python开发工程师 双休 15K+,1
C++/Python工程师（可视化方向）,1
Python开发工程师（成都）,1
Python（RPA）实施开发工程师,1
python爬虫,1
Java/Python,1
C++/python 软件工程师,1
资深Python软件工程师,1
python全栈开发工程师(J11585),1
Python后端开发工程师NJ,1
中级Python开发工程师（车联网）(J12383),1
python数据开发工程师,1
python+朝九晚六+五险+高薪+专业团队,1
Python软件工程师（清华长三院岗位）,1
Python开发工程师（英文）,1
中高级Python开发,1
Python后台开发(000967),1
golang与python后台开发工程师,1
Python后台开发,1
Linux Python开发,1
OL9299-高级Python开发工程师,1
python 前端工程师,1
C/Python高级软件工程师,1
python课程研发,1
Python分析工程师,1
软件工程师 （Python/Web development）,1
Python开发工程师(J11050),1
Python Developer,1
Python/数据挖掘,1
python开发工程师（中级）,1
Python/C#开发工程师,1
中级Python开发工程师（技术平台）,1
Python开发工程师（武汉）,1
Mid-level Python developer,1
后端工程师（Python）,1
python研发工程师（外派银行）,1
C语言/Python软件开发工程师（可应届生）,1
RPA开发工程师（Python/java）,1
Python开发工程师（长沙）,1
天运后端开发（go或python）,1
智慧金融-软件开发工程师（python）-JR2013,1
Python开发工程师(大数据),1
服务端python开发工程师,1
python开发工程师（JL）,1
Senior Python,1
python算法工程师,1
Python算法工程师（金融方向）,1
Python爬虫开发工程师,1
Python高级研发工程师,1
Python 数据开发工程师,1
Python数据工程师,1
Python开发工程师（网易）,1
python助理工程师,1
某外资500强- Python后端开发工程师,1
C/C++和Python,1
Python开发工程师(***),1
高级Python后端工程师,1
资深 Python 工程师,1
python中高级工程师,1
python开发工程师（RPA实施工程师）,1
开发工程师-Python,1
Java/Python高级开发工程师,1
软件开发工程师(Java+Python),1
python开发工程师(J10123),1
Python开发工程师/无经验,1
中级后端工程师(python/odoo）,1
高级后端工程师（Python方向）(J10335),1
C++，Python开发工程师,1
Python工程师G01358,1
Python开发工程师/爬虫,1
解决方案架构师(J10291),1
Java/算法软件工程师,1
Java课程产品研发工程师,1
医疗器械软件工程师,1
产品研发-系统平台开发工程师（上海）,1
SAS程序员（武汉）,1
软件开发工程师（南京）,1
Linux系统开发工程师,1
Linux驱动工程师,1
大数据开发工程师（成都）,1
后端工程师-IOT方向（成都）,1
研发工程师（郑州）,1
软件技术及平台研发岗（重庆）,1
Java全栈工程师,1
软件开发（深圳）,1
高级 Web 开发工程师/全栈工程师,1
存储产品研发工程师,1
高级JAVA软件开发工程师,1
Principal Software Engineer (firmware - UEFI),1
Senior Software Automation Testing Engineer,1
IT程序员/JAVA,1
IOT软件开发工程师,1
软件工程师-车身控制,1
资深C++游戏服务器开发工程师,1
3D软件工程师(028104),1
海外RPA开发,1
Java开发工程师（高级）,1
JAVA开发工程师（中级）,1
抗渗透基础工程师,1
开发工程师（匹配工程）,1
企业信息化系统架构师 (MJ001119),1
EG0950-嵌入式软件开发工程师,1
GIS后端开发工程师,1
大数据应用开发工程师,1
爬虫开发系统工程师（双休+五险一金）,1
大数据负责人,1
架构师lead（零售快消行业）,1
大数据开发工程师(J11093),1
中级大数据开发工程师,1
脚本开发工程师,1
高级Golang后端工程师,1
嵌入式Linux系统工程师,1
MES主管,1
初级Java开发工程师（应届生）,1
大数据开发工程师讲师,1
电子工程 or单片机工程师 双休,1
java开发工程师（厦门）,1
大数据开发（高级）,1
软件工程师(凯绚),1
高级 C++网络开发工程师,1
软件工程师（图像算法方向）,1
后端PHP工程师,1
GIS研发工程师,1
高级技术工程师,1
嵌入式开发经理,1
人工智能研发工程师,1
云计算研发方向,1
Java开发经理,1
软件工程师-Webex Platform-硕士-合肥-全职,1
软件系统管理员,1
ROS开发工程师,1
区块链开发人员,1
JAVA开发工程师3549,1
Node.js开发工程师,1
软件研发工程师（IT管培生）,1
中高级C++开发工程师（硕/博士优先）,1
软件开发工程师（JAVA）,1
Camera软件开发工程师（南京）,1
协议解析开发工程师,1
嵌入式工程师（物联网方向）,1
SLAM算法,1
Java高级研发工程师,1
高级软件工程师（图像算法、视觉）,1
菜鸟网络-数据研发专家-杭州/上海,1
高级游戏服务端工程师(C++),1
JAVA开发工程师KF21005,1
科技管理部 系统研发岗,1
高级架构师,1
系统集成交付工程师,1
软件工程师（区块链方向）,1
技术运维工程师,1
软件开发（信息科技管理部）,1
软件开发工程师（Java、PHP）,1
85266 Machine Learning Linux Platform Lead,1
大数据开发工程师 (MJ000218),1
嵌入式应用开发工程师,1
爬虫工程师-标事通,1
大数据数仓开发（中级）,1
高级Java开发工程师3794,1
控制系统软件工程师,1
区块链合约开发工程师,1
大数据架构工程师-宜宾-00150,1
爬虫资深工程师,1
GO服务器工程师,1
大数据开发岗,1
PaaS平台高级研发工程师,1
云监控研发工程师,1
医疗软件技术工程师,1
初级软件开发工程师,1
JAVA开发工程师,1
数据库开发工程师（YD22sx）(J12595),1
Java开发（前台、后台）,1
工具软件开发工程师（5G）,1
大数据挖掘工程师（急聘）,1
Ruby程序开发工程师,1
物联网工程师(二部）,1
Golang研发工程师（云安全/资源池）(J10145),1
后端开发工程师（RD）,1
ERP软件工程师 8-13K 13薪,1
数据平台开发,1
go研发工程师 （后端研发）,1
高级 APP 开发-Senior APP Developer,1
高级 C++开发工程师,1
JAVA初级开发工程师（成都乾隆）,1
DevOps工程师,1
大数据资深工程师,1
RPA软件工程师,1
技术开发,1
java开发工程师,1
软件维保工程师,1
高级C++开发工程师,1
C++/C#/JavaScript 软件开发工程师,1
MES专员,1
软件开发工程师（数据库）,1
软件开发人员（偏视觉算法）,1
资深后端开发,1
高级研发工程师,1
应用开发工程师（后端）,1
C++开发工程师 （Windows系统）,1
数据与报表开发工程师（广州暨南大学）,1
JAVA开发工程师—水表事业部,1
Systems Engineer,1
C/C++高级开发工程师,1
Java 软件工程师,1
软件平台运维-用电自动化及需求侧管理,1
大数据经理/架构师,1
sw软件工程师,1
软件项目管理工程师,1
嵌入式软件主管工程师,1
车联网平台开发工程师,1
单片机程序开发工程师,1
EIM技术平台开发经理,1
网络、硬件、后端、Linux、FPGA、区块链研发工程师,1
软件开发工程师/量化系统开发工程师（C++）,1
软件架构设计（人工智能）,1
3D打印机C++软件工程师,1
HPC Senior Engineer/高级高性能计算工程师_CI,1
PS_RBCD_Software Application Engineer/软件应用开发工程师,1
ADAS Software Engineer/驾驶辅助软件开发工程师_RBAC/DA,1
Software Tool Development Engineer / 软件工具开发工程师_RBAC/CC,1
通用软件工程师（成都）,1
Software Design Engineer 软件研发工程师,1
Software Design Engineer 软件研发工程师 (Yun),1
SPA 软件开发 C/C++（电力通信）工程师,1
车联网工程师,1
2021届-航空测试Software Engineer,1
成都研发-数据系统开发工程师,1
"Firmware, Principle Technical Expert(006K9K)",1
Senior SW Engineer(006M94),1
Data Scientist(006FEI),1
Software Engineer 1,1
鲲鹏应用开发培训工程师,1
Budweiser.DevOps Engineer,1
Senior Software Engineer-Firmware R3555124,1
应用架构师_大数据(digital),1
Application Support Manager,1
BSP驱动开发工程师,1
云数据库平台研发工程师,1
100强通讯公司#大数据工程师#,1
教育业务行业专家,1
对日Java工程师 (MJ000109),1
Automation Software Engineer,1
"Software Engineer, IIOT 软件开发工程师（智能制造）",1
MES及控制工程师,1
Machine Learning Analyst,1
Microservices Engineer,1
Cloud Solution Architect,1
Senior C++ Software Engineer,1
大数据开发（上海研发中心）,1
Java资深开发工程师,1
云平台资深工程师,1
科技发展部-开发工程师,1
Senior Data Architect,1
存储软件开发工程师（校招）,1
大数据开发工程师(J10035),1
自动驾驶系统软件工程师,1
Senior System Engineer Apache Spark DevOps,1
前端、后端、全栈 算法工程师,1
Java服务端程序--DT,1
软件工程师 Firmware Engineer,1
IT开发（.NET)（外包岗位）,1
爬虫工程师（互联网数据获取工程师）,1
创新产品高级研发工程师（后台）,1
C++研发工程师(智能运营),1
C#软件工程师,1
后端开发主任工程师,1
Cloud Infrastructure Engineer,1
Customer Engineer,1
大数据开发高级工程师,1
Java工程师,1
Java开发（应用开发事业群）,1
软件开发工程师-RPA(J10675),1
高级大数据开发工程师 (MJ000018),1
大数据开发工程师-江苏产互,1
手机部-BSP-Android编译工程师,1
大数据工程师（智能连接部-外包）,1
SSME MP 嵌入式软件开发工程师（C++）,1
数字化系统架构师,1
上位机软件开发工程师,1
机器人-BSP软件开发工程师,1
资深开发工程师 - .NET,1
物联网软件开发工程师（Cloud云）,1
资深游戏服务器端开发（go/c/c++）,1
java中高级工程师（K12教育）(J10389),1
NSG Product Software Engineer,1
软件开发工程师（中微掩模）,1
2020信息-大数据技术专家,1
大数据开发工程师（中国联通网络AI中心）,1
java开发资深/专家(J200420033),1
工程效率专家,1
RPA Engineer,1
大数据平台架构师（寰通）,1
Java开发资深工程师(009692),1
"Software Developer, AD/ADAS",1
全栈工程师-数据产品,1
Java开发工程师（数据平台方向）,1
全栈工程师 Full Stack Developer (Java),1
分布式存储架构专家--4027,1
安全职位-GZ,1
Golong Developer 深圳,1
Senior Firmware Engineer,1
Software Engineer 软件工程师,1
Merchandiser-Hardline 大数据管理及产品开发,1
Sr RF Test Design Engineer,1
5G Protocol Expert,1
软件开发,1
研发软件工程师(半导体测试软件方向),1
后端程序开发工程师,1
数据分析和设计架构师 DA&Design Architect （太仓）,1
大数据主任工程师,1
后台开发岗,1
C++服务器开发工程师,1
C#/C++开发工程师,1
分行金融科技岗（社招熟手）,1
PHP开发工程师（游戏运营平台方向）,1
122769高级安全技术开发工程师,1
framework工程师,1
软件验证工程师 Software Validation Engineer,1
Java开发-ADG,1
应用集成工程师（广州）,1
Software Engineer (Application),1
嵌入式工程师（路由器）,1
南京-SWEA-08-车载数据架构工程师,1
仪器软件工程师(J16400),1
Software Development Engineer,1
应用架构师 (MJ004443),1
Java开发工程师(003019),1
算法/软件高级工程师,1
Senior OSS Engineer,1
C++游戏开发,1
高级JAVA开发工程师--物联网方向,1
软件开发工程师(J10561),1
linux软件开发工程师(J10726),1
大数据咨询专家(J11172),1
Service Engineer (Software) 软件工程师,1
windows系统工程师,1
大数据平台架构岗(007035),1
高级制造数字化软件开发工程师(SH),1
高级系统平台开发工程师,1
JAVA/.NET开发工程师,1
驱动工程师,1
大数据算法工程师-智慧交通,1
大数据技术专员,1
大数据(平台)工程师,1
智能驾驶感知数据融合开发主管,1
全栈软件工程师（初级或者高级）,1
研发软件工程师(J11518),1
雷达数据处理工程师,1
C++服务端开发工程师,1
c++服务端开发,1
BI/大数据开发工程师 (MJ004090),1
rpa流程开发,1
数据开发工程师(J10555),1
增长技术组leader,1
SONiC系统高级开发工程师,1
软件工程师-数字轨道,1
多媒体算法工程师（音频算法类）3420,1
多媒体算法工程师（音频算法类）,1
SCM工程师,1
软件开发经理,1
大数据开发工程师(J12549),1
Web全栈开发工程师 (MJ000305),1
AI项目开发工程师,1
软件开发中心-资深高级经理（架构）,1
高级开发工程师（供应链方向）(J15752),1
高级软件技术工程师（电网侧产品）(J16186),1
C++服务端主程,1
资深Java开发工程师,1
量化交易系统开发岗（资管部）,1
后端开发工程师-上海-08379,1
资深容器研发工程师,1
系统架构岗,1
自营-衍生品部技术开发岗(J13475),1
大数据开发工程师(J10764),1
大数据研发工程师(J25648),1
大数据ETL工程师,1
R&D Senior/Principal Software Engineer- shanghai,1
SAP开发工程师,1
.NET开发工程师-RD04,1
Hadoop大数据开发工程师,1
BK41J3-系统软件开发岗,1
Openstack高级工程师-系统平台(J11296),1
Java开发工程师（后端开发）,1
机器人导航算法开发 （研究岗）（双臂五觉项目组）,1
产线软件开发工程师,1
AI视频算法工程师,1
软件开发工程师助理,1
云服务软件工程师,1
决策引擎工程师(J10188),1
系统开发主力SE/PG,1
大数据开发（java),1
系统研发人员,1
高级后端工程师,1
后端开发工程师（高级）-技术部,1
后端开发工程师（上海东浩兰生信息科技有限公司）,1
OS开发工程师,1
软件编程,1
单片机研发工程师,1
大型国有保险公司-后台开发岗,1
服装智能制造高级工程师,1
软件工程师（大数据）,1
嵌入式Linux应用开发2（广州北京）,1
中级研发工程师（容器化）,1
大数据建模工程师,1
高级AI编译器软件工程师,1
golang,1
软件研发C++/Qt开发工程师,1
软件工程师/软件技术支持工程师,1
资深后台开发工程师,1
RPA开发工程师/架构师/项目主管(编号ZB#0703）,1
嵌入式软件工程师/驱动工程师,1
软件测评工程师,1
区块链工程师,1
IT开发人员（PHP）,1
测控软件开发工程师,1
大数据工程师（数据仓库方向）,1
应用软件开发工程师,1
高级后端软件研发工程师,1
高级软件工程师/软件经理,1
数据库/开发语言编译工程师,1
自动驾驶-软件集成及测试高级工程师,1
Hadoop开发工程师（双休）,1
人工智能与大数据研发工程师招聘,1
日语RPA,1
系统后台测试工程师,1
ETL/大数据开发工程师,1
[ID9957]Embedded Software Engineer,1
大数据与人工智能算法工程师,1
接口开发工程师,1
C#软件开发工程师,1
Project Engineer (Electronics Software / Test),1
WiFi开发工程师,1
资深计算与存储系统工程师,1
Software Engineer-变频器研发,1
MES软体开发,1
工具链开发工程师,1
软件开发（上位机方向）,1
嵌入式蓝牙工程师,1
Java服务端程序,1
Staff Software Engineer,1
软件开发工程师 (Java/C#/AS400/前端等）,1
Java开发工程师-与技术大牛共事,1
高级go语言开发工程师,1
少儿编程教学主管,1
通信网管软件开发工程师,1
高级嵌入式通讯协议栈工程师,1
AI服务端开发工程师,1
IT软件工程师,1
大数据架构师-深圳,1
JAVA全栈工程师,1
嵌入式系统软硬件开发,1
Java初级开发工程师,1
图像处理/机器视觉/AI软件总监,1
大数据开发/实施工程师,1
LMS工程师-广州黄埔-6-8K,1
Murex Developer,1
嵌入式Linux软件开发,1
研发项目经理（Linux方向）,1
嵌入式软件开发工程师（物联网实验室）,1
效能研发工程师,1
企业信息化工程师,1
软件工程师（MES开发）,1
AI/大数据工程师,1
软件工程师（双休+五险一金）,1
C/C++开发工程师(图像处理算法方向),1
高级软件工程师 - Simulation,1
高级虚拟化工程师,1
C语言软件开发工程师,1
高级C++软件研发工程师,1
系统架构设计师,1
QtDesigner/C++界面开发工程师,1
嵌入式AI,1
驱动开发工程师,1
Linux应用开发工程师,1
虚拟化工程师,1
存储驱动开发工程师,1
研发部高级经理,1
Web开发工程师,1
新能源系统工程师,1
Senior Firmware Engineer （高级嵌入式固件工程师）,1
java软件工程师,1
高级Java软件工程师-Cloverleaf UX,1
软件系统工程师(haptic方向)(J10833),1
后端开发 C/C++研发工程师-GIS,1
高薪诚聘软件开发技术指导,1
PHP/全栈开发工程师,1
数据开发工程师(J10105),1
Software Testing Engineer 交换机,1
后端开发工程师（C#）,1
全栈程序员,1
YMS软件开发工程师,1
运维开发岗,1
高级应用开发/软件开发工程师/C语言C++,1
Java工程师/后端工程师/Java高级工程师,1
解决方案架构师,1
高級軟件開發工程師,1
区块链开发工程师（无锡）,1
PHP全线工程师,1
软件开发-工业软件开发,1
嵌入式软件工程师(linux方向),1
软件/PHP工程师,1
C#中级软件工程师,1
嵌入式工具开发,1
大数据ETL助理工程师,1
JAVA全栈开发工程师-成都Office,1
物联网开发,1
SAP软件工程师,1
中级JAVA工程师,1
PhP技术、网络搭建,1
应用工程师,1
生信软件开发工程师,1
大数据后台研发,1
Linux系统应用工程师,1
软件工程师（半导体设备）,1
嵌入式开发工程师（算法方向）,1
Advanced Applications Software Engineer,1
高级研发工程师（B类）-00038,1
软件系统工程师,1
数据挖掘工程师-工作地址 南京,1
高级Go后端开发工程师,1
.net开发工程师（天津）,1
大数据应用工程师,1
软件工程师（中间件）,1
嵌入式软件工程师（音频方向）,1
web全栈开发工程师/java工程师,1
云架构师,1
linux软件工程师,1
AI软件开发工程师（总行）(J11262),1
某知名互联网金融公司,1
MES软件开发工程师,1
数据平台开发工程师,1
自动化应用软件工程师,1
IoT Java开发工程师(J10394),1
信息技术工程师,1
软件总工程师,1
Golang 服务器开发,1
应用开发工程师（base上海或杭州）,1
Android Linux系统高级工程师,1
交付架构师（腾讯项目）,1
物联网软件开发工程师(J10408),1
Linux内核工程师,1
工控安全开发工程师(J10580),1
量化交易系统软件开发工程师,1
急招PHP开发工程师(有福),1
自动化软件工程师（相城）,1
嵌入式软件工程师（周末双休）,1
云计算工程师（分布式存储）,1
windows应用软件工程师（工具软件工程师）,1
后台工程师,1
多媒体播放器开发工程师,1
c++开发（南京）,1
软件开发工程师-应届生,1
C++（qt）,1
ABB代招-软件开发工程师,1
软件研究员,1
中台JAVA工程师,1
大数据软件工程师,1
系统集成部经理,1
汽车以太网工程师,1
软件工程师(大数据),1
高薪诚聘数据工程师+五险一金,1
高级软件设计工程师,1
Linux应用程序开发工程师,1
SLAM算法工程师 机器人,1
高级Java研发工程师,1
爬虫开发工程师助理,1
大数据平台开发工程师 (MJ003062),1
Visual slam算法工程师,1
急聘 大数据开发工程师,1
视觉SLAM算法工程师,1
软件工程师（研究院）,1
软件开发实施工程师,1
基础软件工程师,1
集团软件开发工程师,1
嵌入式软件工程师1032,1
QT软件研发工程师（嘉微）,1
JAVA中级,1
昆山美杰艺术 聘 编程员,1
软件工程师（仓储类）,1
设备软件工程师,1
java/C++程序员,1
Java高级研发工程师（广告 上海）,1
AI工具软件工程师,1
JAVA高级开发工程师,1
区块链开发工程师（金融）,1
大数据开发（金融数据行业）,1
[有经验的] 后端开发工程师,1
JAVA高级软件工程师-安亭,1
数据挖掘工程师（NLP方向）,1
对日Java,1
架构师（Java方向）[J789492],1
k8s容器云交付工程师,1
LinuxC/C++,1
Linux C 开发工程师,1
算法工程师(视频方向),1
SDK软件开发工程师,1
openstack工程师,1
高级软件工程师 (主管）,1
软件工程师（嵌入式）,1
EVE Online国服 后端工程师,1
开发主管（北京）,1
嵌入式技术工程师,1
算法经理,1
高级主任软件工程师（国产化）,1
Software Engineering,1
云交付工程师,1
视频算法工程师（tky),1
量化交易软件开发工程师,1
Linux高级软件工程师,1
PHP后端,1
课程开发工程师,1
汽车平台软件开发（英语）,1
大数据平台高级开发工程师,1
技术工程师（杭州）,1
ML / AI高级软件工程师（芯片软件研发职位）,1
Senior Sensor Application Engineer,1
Linux嵌入式软件工程师,1
RPA 研发工程师,1
大数据分析算法工程师,1
软件开发工程师（五险双休）,1
Django后台开发工程师,1
软件开发工程师(J10129),1
云原生架构师,1
中级JAVA开发工程师,1
SH-185 Firmware engineer,1
Linux嵌入式工程师,1
电子软件开发工程师,1
X86 System Software Engineer -Firmware(西安),1
资深c++服务器开发工程师,1
风控建模专家,1
嵌入式工程师经理,1
网络协议分析工程师,1
视频算法工程师助理包吃住,1
软件技术工程师/软件实施工程师,1
软件开发工程师（五险一金+福利）,1
Javascript开发,1
高级Linux工程师,1
ARM Linux系统工程师,1
PHP开发工程师（高级）,1
计算机 程序员,1
高级JAVA软件工程师（大数据应用）,1
Java开发工程师 （道网）,1
golang工程师,1
JAVA技术经理(J10222),1
Nodejs服务端开发工程师,1
安全\系统管理工程师（数据）,1
青少儿编程教育储备主管,1
软件工程师（操作管理平台开发）,1
钉钉开发工程师,1
Linux系统开发工程师(工作地点：成都),1
PHP游戏开发,1
软件工程师（设备开发，C#）,1
工艺流程软件工程师,1
k8s工程师,1
高级JAVA工程师 / 架构师,1
嵌入式软件工程师（算法工程师）,1
后端开发工程师（Nodejs）,1
物联网应用工程师IOT,1
硬件工程师,1
风电大数据资深专家,1
协议移植工程師,1
高级软件工程师（技术中台）,1
高级区块链（智能合约）开发工程师,1
视频分析工程师,1
信息系统开发岗,1
全栈工程师/Full Stack Engineer - Ux,1
软件工程师 Integration,1
Java数据开发(J10759),1
MES开发工程师,1
BI工程师,1
数据专员,1
量化交易程序员,1
scm （软件配置管理）,1
Java项目经理(J10216),1
视频AI算法工程师,1
BI数据开发工程师,1
工业机器人工程师/电气工程师/嵌入式工程师,1
PHP高级工程师,1
PHP架构师,1
数据建模工程师,1
资深大数据架构师,1
golang软件工程师,1
系统集成运维（华迪）,1
网管开发经理,1
程序员 在家办公,1
C/C++软件开发工程师,1
高级软件研发工程师（IVD仪器）,1
C#/.NET/JAVA软件工程师,1
全栈软件研发工程师,1
车辆linux驱动开发工程师,1
嵌入式软件开发、电子工程师,1
无人驾驶系统首席架构师CTO,1
硬件开发,1
数据开发工程师（集团研究院）,1
后端开发工程师--无极限,1
SOFA微服务架构开发,1
.net开发工程师,1
资深软件工程师,1
机器人软件开发工程师,1
系统开发经理,1
迅雷后台开发工程师,1
MCU系统开发工程师,1
系统架构工程师,1
后端软件开发工程师,1
JAVAscript前端工程师,1
Java开发工程师（广告营销）,1
ERP开发工程师,1
后端高级开发工程师,1
反作弊策略工程师---头部互联网公司,1
C++ Software Engineer III- MV,1
软件开发工程师-流量分析方向,1
流媒体开发工程师,1
高级大数据平台开发工程师,1
Braking-Software Testing Engineer,1
Java高级工程师,1
PHP软件工程师、PHP程序员、php开发、php开发工程师,1
金融工程师,1
C/C++网络协议开发工程师,1
高级Devops开发工程师,1
PHP中级开发工程师,1
C++开发工程师（双休）,1
高级逆向工程师,1
Broncus-软件工程师 .NET,1
ERP工程师,1
嵌入式Linux应用开发工程师,1
ATE Engineer/ ATE应用程序开发,1
1.AI产品后端工程师,1
后端高级工程师,1
嵌入式Linux开发,1
SCM Engineer 软件配置管理工程师,1
C/C++/Android 软件开发工程师（汽车电子行业）,1
助理软件工程师,1
ATE软件工程师,1
部署工程师,1
Web全栈工程师,1
大数据处理工程师,1
司法鉴定软件工程师,1
File Server开发工程师,1
分布系统工程师（医疗机器人）,1
软件开发工程师（C++/QT）-武汉,1
风险大数据工程师,1
系统工程师（linux）,1
大数据开发工程师 (MJ003032),1
高级Linux C/C++ 开发工程师（车联网）,1
NFV首席技术专家,1
地图定位研发工程师,1
高级软件工程师（BIOS/Kernel）,1
java研发工程师（初/中/高级）,1
集成研发工程师,1
C++软件研发工程师,1
遥感数据处理工程师,1
Windows系统软件工程师,1
嵌入式软件集成测试工程师,1
JAVA/J2EE开发工程师（长沙）,1
php开发,1
物联网云数据工程师,1
线控底盘控制系统软件开发工程师,1
软件开发高级工程师,1
数据架构及应用高级经理(J10703),1
大数据开发工程师 (MJ000967),1
高级大数据开发工程师,1
韧体设计工程师,1
C++开发工程师（应届毕业生）,1
上位机软件开发人员,1
PHP开发工程师/程序员,1
java 软件工程师,1
50万年薪求C++,1
.net,1
Java高级开发工程师（人工智能）,1
多媒体开发,1
机器人软件开发工程师（上班地点惠州）,1
高级生物信息研究员,1
数据开发-RPA/爬虫,1
音频算法工程师（创业平台+教学扩声）,1
Java开发工程师（公司自研）,1
Go研发工程师,1
激光雷达软件工程师,1
软件开发工程师（C# .net）,1
嵌入式Linux应用开发,1
高级爬虫开发工程师,1
信息系统软件工程师,1
区块链开发工程师,1
软件开发副经理,1
AWS开发/五险一金+双休,1
高级大数据工程师,1
网易游戏Windows客户端开发工程师（CC）,1
软件研发助理,1
软件工程师（JAVA）,1
Java开发工程师(交付中心）,1
视频算法工程师,1
软开工程师,1
JAVA开发工程师（供应链组）(J10359),1
软件开发Javascript工程师,1
Sr IoT Firmware Engineer- Secure,1
南山西丽-Linux软件开发工程师（偏后端）,1
初级JAVA程序员,1
C/C++软件工程师,1
后台开发工程师（算法平台）,1
嵌入式软件架构师,1
DevOps Specialist,1
软件开发(图像处理),1
知名网络科技公司 Golang 开发工程师,1
蓝牙软件工程师,1
GO开发工程师（Web后端）,1
云平台架构师,1
C++开发工程师（出差或驻项目）,1
RPA 开发工程师,1
逆向设计工程师,1
软件集成,1
linux 驱动开发工程师,1
AI研发工程师,1
java开发工程师（研发部）,1
系统架构工程师（上海）-汽车-智能驾驶,1
高级软件工程师 (Android/Linux),1
Linux软件开发工程师,1
数据研发工程师,1
嵌入式研发工程师,1
软件工程师（烧录）,1
视频图像分析算法工程师,1
资深大数据架构工程师,1
软件开发工程师（软件平台）,1
高级系统架构师,1
高级labview软件工程师,1
(2021)Software Engineer 全栈工程师 (Contractor),1
MES运维专员,1
遥感应用开发工程师,1
Golang程序员（福利好+弹性上下班）,1
专业负责人（大数据技术与应用）,1
资深JAVA开发/经理,1
上位机软件工程师（开发）,1
大数据开发工程师 011,1
（高级/主管）语音识别评测自动化系统开发工程师,1
应用系统软件工程师-包住宿,1
C++资深服务器软件工程师,1
软件研发岗,1
全栈工程师/Full Stack Engineer-Ux,1
C#.NET软件开发工程师,1
webgis开发工程师,1
高级路由器研发工程师,1
软件工程师（c++）,1
Java开发工程师（偏大数据方向）,1
NET后端,1
C++ Application Software Engineer-req19728,1
平台架构师,1
软件工程师 (MJ000139),1
C/C++中级工程师,1
Java软件开发工程师（SE）,1
机器人软件工程师,1
Full Stack Software Engineer 全栈工程师,1
软件工程师（上位机）,1
Assistant Manager - CI Automation,1
物联网平台架构师,1
PHP WEB 开发工程师,1
AGV软件系统开发工程师,1
资深后端开发工程师,1
IC验证工程师,1
爬虫开发工程师（Java）,1
ETL开发工程师,1
智能驾驶辅助软件工程师,1
高级JAVA开发工程师(算法),1
高级Java开发工程师（政务大数据）,1
LUA后端开发,1
资深嵌入式开发工程师-蓝牙,1
软件开发工程师（视研智能科技 代招聘）,1
物流java开发工程师,1
高级研发工程师（后端）,1
软件开发(智能硬件)(物联平台),1
雷达/视频算法工程师,1
爬虫软件开发工程师,1
RPA 工程师,1
高级数据库架构师,1
Golang后端工程师,1
高级嵌入式软件验证工程师,1
IT开发,1
中后台架构师,1
嵌入式软件工程师（物联网方向）,1
Java开,1
对日软件工程师2021年招聘,1
高级游戏音频程序工程师,1
大数据系统架构师,1
Odoo开发工程师,1
大数据hadoop工程师,1
音视频引擎软件工程师,1
嵌入式Linux开发工程师,1
嵌入式Linux应用开发-广州-00337,1
BSP研发工程师,1
大数据分析架构师,1
(Sr.) Integration Engineer （集成开发工程师）,1
维优工程师,1
区块链技术开发工程师 go语言,1
38412Y-大数据工程师,1
软件经理,1
电池大数据算法工程师,1
原型系统集成研究员,1
C/C++开发工程师（工业视觉）,1
云端架构设计,1
游戏服务端主程C++,1
控制优化项目工程师-工业软件产品总部,1
嵌入式驱动工程师,1
Ruby游戏服务器研发工程师,1
云计算开发工程师,1
激光/光电子技术,1
软件研发（机器学习算法工程师）,1
JavaScript 工程师,1
风控系统架构师（驻场樊登读书）,1
资深开发工程师,1
数据采集开发工程师,1
中级大数据工程师,1
音频算法工程师,1
项目经理（Java）,1
BI大数据开发工程师,1
软件集成开发工程师（DICOM）,1
嵌入式开发部门经理 Firmware Manager,1
嵌入式软件工程师C++,1
Hadoop大数据研发工程师,1
大数据开发工程师（能源环保）,1
项目研发工程师,1
虚拟网络研发工程师,1
数据应用专家,1
C++ 开发工程师,1
Windows开发工程师,1
软件驱动开发工程师,1
嵌入式软件开发工程师（SDK）,1
Sr. Firmware Engineer / 高级固件工程师,1
产品研发岗（北京）,1
初级Erlang开发工程师,1
软件开发测试/项目/机构/射频/电子高级工程师（研发）,1
云计算开发工程师/资深后台开发工程师,1
网络架构工程师,1
软件开发工程师 熟悉C++,1
BI分析师,1
云服务开发工程师（NLP方向）,1
无人系统研发测试工程师,1
资深研究员/技术专家（博士）,1
嵌入式软件工程师（BSP方向）,1
CPU微架构设计工程师,1
人工智能应用软件工程师,1
QT/C++高级软件研发工程师,1
软件系统架构师,1
软件工程师（AI 方向）,1
高级C++软件工程师,1
爬虫初级工程师,1
导航工程师,1
软件开发工程师/C#,1
Automation Software Design Engineer,1
IoT高级软件工程师（C++）,1
软件架构师（智能运维）,1
Linux/OpenWrt软件工程师,1
数据分析师/数据挖掘工程师,1
生物信息工程师(J10157),1
研究院总监,1
Java爬虫工程师,1
嵌入式软件工程师-2021应届生招聘,1
中高级C/C++开发工程师,1
java架构师,1
脚本开发工程师（深圳-南山区）,1
Java开发工程师（武昌分公司岗位）,1
软件工程师(物流自动化),1
大数据/数据中台开发工程师（金融方向）,1
软件开发工程师初/中级,1
软件工程方向管理培训生,1
高级大数据研发工程师（城市计算方向）,1
高级Node.js开发工程师,1
QT软件开发工程师,1
JAVA 高级工程师,1
高级后端开发工程师,1
中高级开发工程师,1
C中级研发工程师,1
高级大数据专家（AI/BI）(J10139),1
物联网软件工程师,1
Openstack开发工程师,1
服务器主程,1
初级游戏c++服务器,1
5251-高级软件测试工程师,1
高级Java开发工程师/架构师,1
Java开发工程师(遥感方向),1
高级区块链研究员,1
数据挖掘主管,1
QT 开发工程师,1
软件工程师（深圳）,1
区块链插件开发工程师,1
研发主管,1
服务器C++开发工程师,1
Java中级软件开发工程师,1
MES系统开发工程师,1
PC软件（C++）开发工程师,1
YZ7266-助理开发工程师,1
c++客户端开发工程师,1
软件工程师（装备AE方向）,1
Java Web资深开发工程师,1
（北京）大数据工程师,1
全栈工程师（偏前端）,1
服务端开发工程师（ST00127）,1
工具开发工程师,1
软件工程师（C++方向）,1
大数据开发工程师（智云兴禾）,1
Devops工程师,1
建模分析师（风控）,1
Windows客户端开发,1
机器人研发工程师（工业总线方向）,1
存储工程师,1
Java后端开发工程师,1
编译开发工程师-解释器方向,1
GIS开发工程师（廊坊）-QDHX,1
golang服务端工程师,1
SCADA软件工程师,1
高级爬虫工程师(J10341),1
高级大数据算法工程师,1
软件工程师（电机控制器）,1
音频信号处理算法工程师,1
c++开发,1
大数据开发(J10366),1
Office Automation Software Engineer,1
"嵌入式软件工程师/C,C++开发",1
c++服务器开发,1
Java大数据开发工程师,1
IoT Embedded Software Engineer,1
大数据科学家（能源大数据中心）,1
Pipeline TD,1
ROS导航工程师,1
软件集成工程师（工作地点：JQNE-南京-研究院）,1
DBA工程师,1
C++开发工程师/双休,1
高级javascript工程师（3年以上）,1
流式大数据处理研发工程师,1
C++游戏服务器开发（YF-XH）,1
